{
"Novato (15k)": "Greenhorn (15k)",
"Vaqueiro (50k)": "Cowpoke (50k)",
"Colono (250k)": "Homesteader (250k)",
"Milionário (1mil)": "Millionaire (1mil)",
"Lenda (10mil)": "Legend (10mil)",
"Uma Coleção Completa": "A Complete Collection",
"Um Novo Amigo": "A New Friend",
"Melhores Amigos": "Best Friends",
"O Amado Fazendeiro": "The Beloved Farmer",
"Cozinheiro": "Cook",
"Sub Chefe": "Sous Chef",
"Chefe Gourmet": "Gourmet Chef",
"Mudança": "Moving Up",
"Vivendo Grande": "Living Large",
"Faça Você Mesmo": "D.I.Y.",
"Artesão": "Artisan",
"Artesão Mestre": "Craft Master",
"Pescador": "Fisherman",
"Velho Marinheiro": "Ol' Mariner",
"Pescador Mestre": "Master Angler",
"Grande Fisgada": "Mother Catch",
"Tesouro Escondido": "Treasure Trove",
"Faz-tudo": "Gofer",
"Uma Grande Ajuda": "A Big Help",
"Policultura": "Polyculture",
"Monocultura": "Monoculture",
"Remessa Completa": "Full Shipment",
"Planta Caseira": "House Plant",
"Espantalho": "Scarecrow",
"Para-raio": "Lightning Rod",
"Apiário": "Bee House",
"Barril de Fermentação": "Keg",
"Fornalha": "Furnace",
"Jarro de Conserva": "Preserves Jar",
"Prensa para Queijo": "Cheese Press",
"Tear": "Loom",
"Máquina de Óleo": "Oil Maker",
"Máquina de Reciclagem": "Recycling Machine",
"Cristalizador": "Crystalarium",
"Pedaço de Mesa E": "Table Piece L",
"Pedaço de Mesa D": "Table Piece R",
"Máquina de Maionese": "Mayonnaise Machine",
"Fábrica de Sementes": "Seed Maker",
"Cadeira de Madeira": "Wood Chair",
"Modelo de Esqueleto": "Skeleton Model",
"Obelisco": "Obelisk",
"Estátua de Galinha": "Chicken Statue",
"Bola de Slime": "Slime Ball",
"Mesa Chique": "Fancy Table",
"Mesa Antiga": "Ancient Table",
"Banquinho Antigo": "Ancient Stool",
"Relógio do Vovô": "Grandfather Clock",
"Despertador Ursinho": "Teddy Timer",
"Árvore Morta": "Dead Tree",
"Escadaria": "Staircase",
"Tocha Alta": "Tall Torch",
"Máscara de Ritual": "Ritual Mask",
"Fogaréu": "Bonfire",
"Bongô": "Bongo",
"Lanças Decorativas": "Decorative Spears",
"Pedregulho": "Boulder",
"Porta": "Door",
"Porta Fechada": "Locked Door",
"Estátua Perversa": "Wicked Statue",
"Esqueleto de Preguiça E": "Sloth Skeleton L",
"Esqueleto de Preguiça M": "Sloth Skeleton M",
"Esqueleto de Preguiça D": "Sloth Skeleton R",
"Amostra de Geodo": "Standing Geode",
"Vaso de Obsidiana": "Obsidian Vase",
"Cadeira de Cristal": "Crystal Chair",
"Pedra Cantante": "Singing Stone",
"Coruja de Pedra": "Stone Owl",
"Cápsula Estranha": "Strange Capsule",
"Cápsula Vazia": "Empty Capsule",
"Funil de Alimentação": "Feed Hopper",
"Incubadora": "Incubator",
"Aquecedor": "Heater",
"Extrator": "Tapper",
"Câmera": "Camera",
"Coelho de Pelúcia": "Plush Bunny",
"Tubo com Flores": "Tub o' Flowers",
"Espantalho Raro": "Rarecrow",
"Jarro Decorativo": "Decorative Pitcher",
"Girassóis Secos": "Dried Sunflowers",
"Fornalha de Carvão": "Charcoal Kiln",
"Troféu Herói de Stardew": "Stardew Hero Trophy",
"Máquina de Refrigerante": "Soda Machine",
"Barril": "Barrel",
"Caixote": "Crate",
"Estátua da Fortuna Inifinita": "Statue Of Endless Fortune",
"Caixa de Cogumelo": "Mushroom Box",
"Baú": "Chest",
"Braseiro de Madeira": "Wooden Brazier",
"Braseiro de Pedra": "Stone Brazier",
"Braseiro de Ouro": "Gold Brazier",
"Fogueira": "Campfire",
"Braseiro em Toco": "Stump Brazier",
"Braseiro Esculpido": "Carved Brazier",
"Braseiro de Caveira": "Skull Brazier",
"Braseiro em Barril": "Barrel Brazier",
"Braseiro de Mármore": "Marble Brazier",
"Poste de Madeira": "Wood Lamp-post",
"Poste de Ferro": "Iron Lamp-post",
"Minhocário": "Worm Bin",
"Incubadora de Slime": "Slime Incubator",
"Prensa-ovo de Slime": "Slime Egg-Press",
"Estátua da Perfeição": "Statue Of Perfection",
"??Limão Rosado??": "??Pinky Lemon??",
"Estábulo": "Stable",
"Poço": "Well",
"Viveiro": "Coop",
"Grande Viveiro": "Big Coop",
"Luxo de Viveiro": "Deluxe Coop",
"Celeiro": "Barn",
"Grande Celeiro": "Big Barn",
"Luxo de Celeiro": "Deluxe Barn",
"Criadouro de Slime": "Slime Hutch",
"Elevador de Mina": "Mine Elevator",
"Galinha": "Chicken",
"Pato": "Duck",
"Coelho": "Rabbit",
"Vaca": "Cow",
"Ovelha": "Sheep",
"Cabra": "Goat",
"Porco": "Pig",
"Tênis": "Sneakers",
"Botas de Borracha": "Rubber Boots",
"Botas de Couro": "Leather Boots",
"Botas de Trabalho": "Work Boots",
"Botas de Combate": "Combat Boots",
"Botas da Tundra": "Tundra Boots",
"Botas Térmicas": "Thermal Boots",
"Botas Negras": "Dark Boots",
"Botas de Fogo": "Firewalker Boots",
"Sapatos do Gênio": "Genie Shoes",
"Botas Espaciais": "Space Boots",
"Botas de Cowboy": "Cowboy Boots",
"Safra de Primavera": "Spring Crops",
"Safra de Verão": "Summer Crops",
"Safra de Outono": "Fall Crops",
"Safra de Qualidade": "Quality Crops",
"Coleta de Primavera": "Spring Foraging",
"Coleta de Verão": "Summer Foraging",
"Coleta de Outono": "Fall Foraging",
"Coleta de Inverno": "Winter Foraging",
"de Construção": "Construction",
"Coleta Exótica": "Exotic Foraging",
"Peixes do Rio": "River Fish",
"Peixes do Lago": "Lake Fish",
"Peixes do Oceano": "Ocean Fish",
"Pescaria Noturna": "Night Fishing",
"Peixes Especiais": "Specialty Fish",
"do Ferreiro": "Blacksmith's",
"do Geólogo": "Geologist's",
"do Aventureiro": "Adventurer's",
"2500g": "2,500g",
"5000g": "5,000g",
"10000g": "10,000g",
"25000g": "25,000g",
"do Chef": "Chef's",
"Pesquisa de Campo": "Field Research",
"do Encantador": "Enchanter's",
"de Tinturas": "Dye",
"de Forragem": "Fodder",
"Ovo Frito": "Fried Egg",
"Omelete": "Omelet",
"Salada": "Salad",
"Couve-flor com Queijo": "Cheese Cauli.",
"Peixe Assado": "Baked Fish",
"Sopa de Chirívia": "Parsnip Soup",
"Ensopado de Legumes": "Vegetable Stew",
"Café da Manhã Completo": "Complete Breakfast",
"Lula Frita": "Fried Calamari",
"Pão Estranho": "Strange Bun",
"Almoço da Sorte": "Lucky Lunch",
"Cogumelo Frito": "Fried Mushroom",
"Guisado de Vagem": "Bean Hotpot",
"Inhame Caramelizado": "Glazed Yams",
"Carpa Surpresa": "Carp Surprise",
"Batatas Fritas": "Hashbrowns",
"Panquecas": "Pancakes",
"Banquete de Salmão": "Salmon Dinner",
"Taco de Peixe": "Fish Taco",
"Achigã Crocante": "Crispy Bass",
"Pimentas Recheadas": "Pepper Poppers",
"Pão": "Bread",
"Tom Kha Gai": "Tom Kha Soup",
"Sopa de Truta": "Trout Soup",
"Bolo de Chocolate": "Chocolate Cake",
"Bolo Rosa": "Pink Cake",
"Torta de Ruibarbo": "Rhubarb Pie",
"Biscoitos": "Cookies",
"Espaguete": "Spaghetti",
"Enguia Frita": "Fried Eel",
"Enguia Picante": "Spicy Eel",
"Sushi": "Maki Roll",
"Tortilha": "Tortilla",
"Prato Vermelho": "Red Plate",
"Berinjela à Parmegiana": "Eggplant Parm.",
"Arroz Doce": "Rice Pudding",
"Sorvete": "Ice Cream",
"Torta de Mirtilo": "Blueberry Tart",
"Recompensa do Outono": "Autumn's Bounty",
"Sopa de Abóbora": "Pumpkin Soup",
"Super Refeição": "Super Meal",
"Molho de Oxicoco": "Cran. Sauce",
"Farofa Americana": "Stuffing",
"Almoço do Fazendeiro": "Farmer's Lunch",
"Hambúrguer de Sobrevivência": "Survival Burger",
"Iguaria Marítima": "Dish o' The Sea",
"Doce do Minerador": "Miner's Treat",
"Bandeja de Raízes": "Roots Platter",
"Sopa de Alga": "Algae Soup",
"Caldo Pálido": "Pale Broth",
"Pudim de Ameixa": "Plum Pudding",
"Molho de Alcachofra": "Artichoke Dip",
"Vegetais Fritos": "Stir Fry",
"Avelãs Torradas": "Roasted Hazelnuts",
"Torta de Abóbora": "Pumpkin Pie",
"Salada de Rabanete": "Radish Salad",
"Salada de Frutas": "Fruit Salad",
"Torta de Amora": "Blackberry Cobbler",
"Doce de Oxicoco": "Cranberry Candy",
"Salada de Repolho": "Coleslaw",
"Risoto de Broto": "Fiddlehead Risotto",
"Cupcake de Papoula": "Poppyseed Muffin",
"Sopa de Peixe com Leite": "Chowder",
"Caldo de Lagosta": "Lobster Bisque",
"Guisado de Peixe": "Fish Stew",
"Donut em Calda": "Maple Bar",
"Croquete de Caranguejo": "Crab Cakes",
"Cerca de Madeira": "Wood Fence",
"Cerca de Pedra": "Stone Fence",
"Cerca de Ferro": "Iron Fence",
"Cerca de Madeira de Lei": "Hardwood Fence",
"Porteira": "Gate",
"Tocha": "Torch",
"Irrigador": "Sprinkler",
"Irrigador de Qualidade": "Quality Sprinkler",
"Irrigador de Irídio": "Iridium Sprinkler",
"Bloco de Flauta": "Flute Block",
"Bloco de Bateria": "Drum Block",
"Fertilizante Básico": "Basic Fertilizer",
"Fertilizante de Qualidade": "Quality Fertilizer",
"Solo de Retenção Básico": "Basic Retaining Soil",
"Solo de Retenção de Qualidade": "Quality Retaining Soil",
"Acelerador de Solo": "Speed-Gro",
"Acelerador de Solo de Luxo": "Deluxe Speed-Gro",
"Bomba de Cereja": "Cherry Bomb",
"Bomba": "Bomb",
"Mega Bomba": "Mega Bomb",
"Munição Explosiva": "Explosive Ammo",
"Transmutar (Fe)": "Transmute (Fe)",
"Transmutar (Au)": "Transmute (Au)",
"Sementes Antigas": "Ancient Seeds",
"Sementes Silvestres (Primavera)": "Wild Seeds (Sp)",
"Sementes Silvestres (Verão)": "Wild Seeds (Su)",
"Sementes Silvestres (Outono)": "Wild Seeds (Fa)",
"Sementes Silvestres (Inverno)": "Wild Seeds (Wi)",
"Totem de Teletransporte: Fazenda": "Warp Totem: Farm",
"Totem de Teletransporte: Montanhas": "Warp Totem: Mountains",
"Totem de Teletransporte: Praia": "Warp Totem: Beach",
"Totem da Chuva": "Rain Totem",
"Lanche de Campo": "Field Snack",
"Cabeça de Abóbora": "Jack-O-Lantern",
"Piso de Madeira": "Wood Floor",
"Piso de Palha": "Straw Floor",
"Piso Rústico": "Weathered Floor",
"Piso de Cristal": "Crystal Floor",
"Piso de Pedra": "Stone Floor",
"Caminho de Madeira": "Wood Path",
"Caminho de Cascalho": "Gravel Path",
"Caminho de Pedra": "Cobblestone Path",
"Paralelepípedo": "Stepping Stone Path",
"Caminho de Cristal": "Crystal Path",
"Isca Selvagem": "Wild Bait",
"Isca": "Bait",
"Anzol Giratório": "Spinner",
"Ímã": "Magnet",
"Armadilha Flutuante": "Trap Bobber",
"Boia-rolha": "Cork Bobber",
"Anzol Revestido": "Dressed Spinner",
"Caçador de Tesouro": "Treasure Hunter",
"Anzol Farpado": "Barbed Hook",
"Óleo de Alho": "Oil Of Garlic",
"Elixir da Vida": "Life Elixir",
"Armadilha de Caranguejo": "Crab Pot",
"Anel de Irídio": "Iridium Band",
"Anel de Yoba": "Ring of Yoba",
"Anel Robusto": "Sturdy Ring",
"Anel do Guerreiro": "Warrior Ring",
"Branca Galinha": "White Chicken",
"Marrom Galinha": "Brown Chicken",
"do Vazio Galinha": "Void Chicken",
"Dinossauro": "Dinosaur",
"Branca Vaca": "White Cow",
"Marrom Vaca": "Brown Cow",
"Javali": "Hog",
"Baiacu": "Pufferfish",
"Anchova": "Anchovy",
"Atum": "Tuna",
"Sardinha": "Sardine",
"Sargo": "Bream",
"Achigã": "Largemouth Bass",
"Achigã-de-boca-pequena": "Smallmouth Bass",
"Truta Arco-íris": "Rainbow Trout",
"Salmão": "Salmon",
"Picão Verde": "Walleye",
"Perca": "Perch",
"Carpa": "Carp",
"Bagre": "Catfish",
"Lúcio": "Pike",
"Peixe-lua": "Sunfish",
"Salmonete": "Red Mullet",
"Arenque": "Herring",
"Enguia": "Eel",
"Polvo": "Octopus",
"Pargo Vermelho": "Red Snapper",
"Lula": "Squid",
"Alga Marinha": "Seaweed",
"Alga Verde": "Green Algae",
"Pepino-do-mar": "Sea Cucumber",
"Super Pepino-do-mar": "Super Cucumber",
"Peixe-fantasma": "Ghostfish",
"Alga Branca": "White Algae",
"Peixe-pedra": "Stonefish",
"Peixe-escarlate": "Crimsonfish",
"Peixe-pescador": "Angler",
"Enguia da Lava": "Lava Eel",
"Lenda": "Legend",
"Peixe-areia": "Sandfish",
"Carpa-escorpião": "Scorpion Carp",
"Marisco": "Clam",
"Carpa Mutante": "Mutant Carp",
"Esturjão": "Sturgeon",
"Truta-tigre": "Tiger Trout",
"Bagre Sapo": "Bullhead",
"Tilápia": "Tilapia",
"Cavala": "Chub",
"Dourado": "Dorado",
"Albacora": "Albacore",
"Sável": "Shad",
"Linguado": "Halibut",
"Lagosta": "Lobster",
"Lagostim": "Crayfish",
"Caranguejo": "Crab",
"Berbigão": "Cockle",
"Mexilhão": "Mussel",
"Camarão": "Shrimp",
"Caracol": "Snail",
"Caramujo": "Periwinkle",
"Ostra": "Oyster",
"Peixe-do-bosque": "Woodskip",
"Peixe-ártico": "Glacierfish",
"Cadeira de Carvalho": "Oak Chair",
"Cadeira de Nogueira": "Walnut Chair",
"Cadeira de Vidoeiro": "Birch Chair",
"Cadeira Mogno": "Mahogany Chair",
"Cadeira de Jantar Vermelha": "Red Diner Chair",
"Cadeira de Jantar Azul": "Blue Diner Chair",
"Cadeira Country": "Country Chair",
"Cadeira Café da Manhã": "Breakfast Chair",
"Cadeira de Escritório Rosa": "Pink Office Chair",
"Cadeira de Escritiório Roxa": "Purple Office Chair",
"Banquinho de Escritório Verde": "Green Office Stool",
"Banquinho de Escritório Laranja": "Orange Office Stool",
"Trono Sombrio": "Dark Throne",
"Cadeira de Jantar": "Dining Chair",
"Assento de Pelúcia Verde": "Green Plush Seat",
"Assento de Pelúcia Rosa": "Pink Plush Seat",
"Cadeira de Inverno": "Winter Chair",
"Cadeira Fashion": "Groovy Chair",
"Cadeira Fofinha": "Cute Chair",
"Toco": "Stump Seat",
"Cadeira de Metal": "Metal Chair",
"Banquinho Verde": "Green Stool",
"Banquinho Azul": "Blue Stool",
"Cadeira do Rei": "King Chair",
"Banco de Carvalho": "Oak Bench",
"Banco de Nogueira": "Walnut Bench",
"Banco de Vidoeiro": "Birch Bench",
"Banco Mogno": "Mahogany Bench",
"Banco Moderno": "Modern Bench",
"Poltrona Azul": "Blue Armchair",
"Poltrona Vermelha": "Red Armchair",
"Poltrona Verde": "Green Armchair",
"Poltrona Amarela": "Yellow Armchair",
"Poltrona Marrom": "Brown Armchair",
"Sofá Azul": "Blue Couch",
"Sofá Vermelho": "Red Couch",
"Sofá Verde": "Green Couch",
"Sofá Amarelo": "Yellow Couch",
"Sofá Marrom": "Brown Couch",
"Sofá Sombrio": "Dark Couch",
"Sofá do Mago": "Wizard Couch",
"Sofá de Madeira": "Woodsy Couch",
"Cômoda de Carvalho": "Oak Dresser",
"Cômoda de Nogueira": "Walnut Dresser",
"Cômoda de Vidoeiro": "Birch Dresser",
"Cômoda Mogno": "Mahogany Dresser",
"Mesa de Café": "Coffee Table",
"Laje de Pedra": "Stone Slab",
"Mesa de Jantar Invernal": "Winter Dining Table",
"Mesa de Jantar Festiva": "Festive Dining Table",
"Mesa de Jantar Mogno": "Mahogany Dining Table",
"Mesa de Jantar Moderna": "Modern Dining Table",
"Mesa de Carvalho": "Oak Table",
"Mesa de Nogueira": "Walnut Table",
"Mesa de Vidoeiro": "Birch Table",
"Mesa Mogno": "Mahogany Table",
"Mesa Sol": "Sun Table",
"Mesa Lua": "Moon Table",
"Mesa Moderna": "Modern Table",
"Mesa de Bar": "Pub Table",
"Mesa Luxuosa": "Luxury Table",
"Mesa Divina": "Diviner Table",
"Mesa Neolítica": "Neolithic Table",
"Mesa Enigma": "Puzzle Table",
"Mesa Invernal": "Winter Table",
"Mesa Doce": "Candy Table",
"Mesa Luau": "Luau Table",
"Mesa Escura": "Dark Table",
"Mesa de Chá de Carvalho": "Oak Tea-Table",
"Mesa de Chá de Nogueira": "Walnut Tea-Table",
"Mesa de Chá de Vidoeiro": "Birch Tea-Table",
"Mesa de Chá Mogno": "Mahogany Tea-Table",
"Mesa de Chá Moderna": "Modern Tea-Table",
"Gabinete Chinês": "China Cabinet",
"Estante de Livro de Artista": "Artist Bookcase",
"Estante de Livro Luxuosa": "Luxury Bookcase",
"Estante de Livro Moderna": "Modern Bookcase",
"Estante de Livro Escura": "Dark Bookcase",
"Pilar de Cerâmica": "Ceramic Pillar",
"Pilar Dourado": "Gold Pillar",
"Cano Industrial": "Industrial Pipe",
"Palmeira": "Indoor Palm",
"Totem": "Totem Pole",
"Bonsai": "Manicured Pine",
"Árvore Podada": "Topiary Tree",
"Esqueleto": "Skeleton",
"Escultura da Leah": "Leah's Sculpture",
"Planta Pequena": "Small Plant",
"Planta de Mesa": "Table Plant",
"Tigela Decorativa": "Decorative Bowl",
"Urso Futan": "Futan Bear",
"Globo": "Globe",
"Modelo de Navio": "Model Ship",
"Mesa de Canto de Carvalho": "Oak End Table",
"Mesa de Canto de Nogueira": "Walnut End Table",
"Mesa de Canto de Vidoeiro": "Birch End Table",
"Mesa de Canto Mogno": "Mahogany End Table",
"Mesa de Canto Moderna": "Modern End Table",
"Mesa de Canto da Vovó": "Grandmother End Table",
"Mesa de Canto Invernal": "Winter End Table",
"Calendário": "Calendar",
"Árvore da Estrela Invernal": "Tree of the Winter Star",
"Lâmpada Country": "Country Lamp",
"Lâmpada Box": "Box Lamp",
"Lâmpada Moderna": "Modern Lamp",
"Lâmpada Clássica": "Classic Lamp",
"Tapete Vermelho": "Red Rug",
"Tapete de retalhos": "Patchwork Rug",
"Tapete Escuro": "Dark Rug",
"TV Barata": "Budget TV",
"'O Muzzamaroo'": "'The Muzzamaroo'",
"'Uma Noite Em Eco-Hill'": "'A Night On Eco-Hill'",
"'Caminhos'": "'Pathways'",
"'Oferenda Queimada'": "'Burnt Offering'",
"'Rainha do Mar de Joias'": "'Queen of the Gem Sea'",
"'Movimento Primal'": "'Primal Motion'",
"'Sol #44'": "'Sun #44'",
"Amigo Invisível": "Wallflower Pal",
"'Torres'": "'Spires'",
"'Autoestrada 89'": "'Highway 89'",
"Cachoeiras de Calico": "Calico Falls",
"Bordado de Flor": "Needlepoint Flower",
"Pôster de Caveira": "Skull Poster",
"'Sol #45'": "'Sun #45'",
"'Pequena Árvore'": "'Little Tree'",
"'Mirtilos'": "'Blueberries'",
"'Cidade Azul'": "'Blue City'",
"Pequenas Fotos": "Little Photos",
"'Grama Dançante'": "'Dancing Grass'",
"'Paraíso VGA'": "'VGA Paradise'",
"Luz J. Cola": "J. Cola Light",
"Janela Básica": "Basic Window",
"Janela Pequena": "Small Window",
"Tapete Vermelho de Cabana": "Red Cottage Rug",
"Tapete Verde de Cabana": "Green Cottage Rug",
"Tapete Místico": "Mystic Rug",
"Urso Futan Grande": "Lg. Futan Bear",
"Estátua de Urso": "Bear Statue",
"Chapéu de Cowboy": "Cowboy Hat",
"Chapéu-coco": "Bowler Hat",
"Cartola": "Top Hat",
"Sombreiro": "Sombrero",
"Chapéu de Palha": "Straw Hat",
"Quepe Oficial": "Official Cap",
"Gorro Azul": "Blue Bonnet",
"Chapéu de Plumas": "Plum Chapeau",
"Máscara de Esqueleto": "Skeleton Mask",
"Máscara de Goblin": "Goblin Mask",
"Máscara de Galinha": "Chicken Mask",
"Aquecedor de Orelha": "Earmuffs",
"Laço Delicado": "Delicate Bow",
"Presilha Tropical": "Tropiclip",
"Laço Borboleta": "Butterfly Bow",
"Chapéu de Caçador": "Hunter's Cap",
"Boné de Caminhoneiro": "Trucker Hat",
"Quepe do Marinheiro": "Sailor's Cap",
"O Bom e Velho Boné": "Good Ol' Cap",
"Borsalino": "Fedora",
"Boné Descolado": "Cool Cap",
"Laço da Sorte": "Lucky Bow",
"Laço Polca": "Polka Bow",
"Gorro do Gnomo": "Gnome's Cap",
"Tapa-olho": "Eye Patch",
"Gorro de Natal": "Santa Hat",
"Capacete de Segurança": "Hard Hat",
"Capa de Chuva": "Sou'wester",
"Margarida": "Daisy",
"Faixa de Melância": "Watermelon Band",
"Orelhas de Camundongo": "Mouse Ears",
"Orelhas de Gato": "Cat Ears",
"Chapéu de Vaqueira": "Cowgal Hat",
"Chapéu de Vaqueiro": "Cowpoke Hat",
"Capuz do Arqueiro": "Archer's Cap",
"Slime Verde": "Green Slime",
"Espírito da Poeira": "Dust Spirit",
"Morcego": "Bat",
"Morcego de Gelo": "Frost Bat",
"Morcego da Lava": "Lava Bat",
"Golem de Pedra": "Stone Golem",
"Larva": "Grub",
"Mosca": "Fly",
"Slime Azul": "Frost Jelly",
"Slime Vermelho": "Sludge",
"Homem das Sombras": "Shadow Guy",
"Fantasma": "Ghost",
"Cava-terra": "Duggy",
"Caranguejo Pedra": "Rock Crab",
"Caranguejo da Lava": "Lava Crab",
"Bola de Fogo": "Fireball",
"Jovem Molusco": "Squid Kid",
"Esqueleto Guerreiro": "Skeleton Warrior",
"Corvo": "Crow",
"Sapo": "Frog",
"Gato": "Cat",
"Bruto das Sombras": "Shadow Brute",
"Shaman das Sombras": "Shadow Shaman",
"Esqueleto Mago": "Skeleton Mage",
"Cabeça de Metal": "Metal Head",
"Besouro": "Bug",
"Múmia": "Mummy",
"Slime Grande": "Big Slime",
"Serpente": "Serpent",
"Erva Daninha": "Weeds",
"Pedra": "Stone",
"Raiz-forte Silvestre": "Wild Horseradish",
"Narciso": "Daffodil",
"Alho-poró": "Leek",
"Dente-de-leão": "Dandelion",
"Chirívia": "Parsnip",
"Tábuas": "Lumber",
"Esmeralda": "Emerald",
"Água-marinha": "Aquamarine",
"Rubi": "Ruby",
"Ametista": "Amethyst",
"Topázio": "Topaz",
"Diamante": "Diamond",
"Fragmento Prismático": "Prismatic Shard",
"Cenoura da Caverna": "Cave Carrot",
"Quartzo": "Quartz",
"Quartzo Vermelho": "Fire Quartz",
"Lágrima Congelada": "Frozen Tear",
"Cristal Terrestre": "Earth Crystal",
"Coco": "Coconut",
"Pitaia": "Cactus Fruit",
"Seiva": "Sap",
"Tocha Espiritual": "Spirit Torch",
"Pergaminho do Anão I": "Dwarf Scroll I",
"Pergaminho do Anão II": "Dwarf Scroll II",
"Pergaminho do Anão III": "Dwarf Scroll III",
"Pergaminho do Anão IV": "Dwarf Scroll IV",
"Ânfora Trincada": "Chipped Amphora",
"Ponta da Flecha": "Arrowhead",
"Livro Perdido": "Lost Book",
"Boneca Antiga": "Ancient Doll",
"Joias Élficas": "Elvish Jewelry",
"Vara de Mastigação": "Chewing Stick",
"Leque Ornamental": "Ornamental Fan",
"Ovo de Dinossauro": "Dinosaur Egg",
"Disco Raro": "Rare Disc",
"Espada Anciã": "Ancient Sword",
"Colher Enferrujada": "Rusty Spoon",
"Esporão Enferrujado": "Rusty Spur",
"Engrenagem Enferrujada": "Rusty Cog",
"Semente Anciã": "Ancient Seed",
"Ferramenta Pré-Histórica": "Prehistoric Tool",
"Peixe-estrela Seco": "Dried Starfish",
"Âncora": "Anchor",
"Fragmentos de Vidro": "Glass Shards",
"Flauta Óssea": "Bone Flute",
"Machadinha Pré-Histórica": "Prehistoric Handaxe",
"Elmo Anão": "Dwarvish Helm",
"Dispositivo Anão": "Dwarf Gadget",
"Tambor Antigo": "Ancient Drum",
"Máscara Dourada": "Golden Mask",
"Relíquia de Ouro": "Golden Relic",
"Boneca Estranha": "Strange Doll",
"Baú de Tesouro": "Treasure Chest",
"Lixo": "Trash",
"Tronco": "Driftwood",
"Óculos Quebrado": "Broken Glasses",
"CD Quebrado": "Broken CD",
"Jornal Encharcado": "Soggy Newspaper",
"Ovo Grande": "Large Egg",
"Ovo": "Egg",
"Feno": "Hay",
"Leite": "Milk",
"Leite Grande": "Large Milk",
"Vagem": "Green Bean",
"Couve-flor": "Cauliflower",
"Batata": "Potato",
"Couve-flor com Queijo": "Cheese Cauliflower",
"Mistura de Vegetais": "Vegetable Medley",
"Berinjela à Parmegiana": "Eggplant Parmesan",
"Molho de Oxicoco": "Cranberry Sauce",
"Iguaria Marítima": "Dish O' The Sea",
"Açúcar": "Sugar",
"Farinha de Trigo": "Wheat Flour",
"Óleo": "Oil",
"Alho": "Garlic",
"Couve": "Kale",
"Ruibarbo": "Rhubarb",
"Melão": "Melon",
"Tomate": "Tomato",
"Morchella": "Morel",
"Mirtilo": "Blueberry",
"Broto de Samambaia": "Fiddlehead Fern",
"Pimenta": "Hot Pepper",
"Trigo": "Wheat",
"Rabanete": "Radish",
"Couve Roxa": "Red Cabbage",
"Carambola": "Starfruit",
"Milho": "Corn",
"Berinjela": "Eggplant",
"Alcachofra": "Artichoke",
"Abóbora": "Pumpkin",
"Repolho Chinês": "Bok Choy",
"Inhame": "Yam",
"Oxicocos": "Cranberries",
"Azevinho": "Holly",
"Beterraba": "Beet",
"Galho": "Twig",
"Framboesa": "Salmonberry",
"Muda de Grama": "Grass Starter",
"Sementes de Amaranto": "Amaranth Seeds",
"Amaranto": "Amaranth",
"Muda de Uva": "Grape Starter",
"Muda de Lúpulo": "Hops Starter",
"Cerveja Pale Ale": "Pale Ale",
"Lúpulo": "Hops",
"Ovo do Vazio": "Void Egg",
"Maionese": "Mayonnaise",
"Maionese de Pato": "Duck Mayonnaise",
"Bolota de Carvalho": "Acorn",
"Semente de Bordo": "Maple Seed",
"Pinha": "Pine Cone",
"Guia de Tradução Anã": "Dwarvish Translation Guide",
"Argila": "Clay",
"Barra de Cobre": "Copper Bar",
"Barra de Ferro": "Iron Bar",
"Barra de Ouro": "Gold Bar",
"Barra de Irídio": "Iridium Bar",
"Quartzo Refinado": "Refined Quartz",
"Mel": "Honey",
"Conjunto de Chá": "Tea Set",
"Picles": "Pickles",
"Geleia": "Jelly",
"Cerveja": "Beer",
"Semente Rara": "Rare Seed",
"Vinho": "Wine",
"Tônico Energético": "Energy Tonic",
"Suco": "Juice",
"Remédio Muscular": "Muscle Remedy",
"Abóbora Dourada": "Golden Pumpkin",
"Papoula": "Poppy",
"Minério de Cobre": "Copper Ore",
"Minério de Ferro": "Iron Ore",
"Carvão": "Coal",
"Minério de Ouro": "Gold Ore",
"Minério de Iridio": "Iridium Ore",
"Madeira": "Wood",
"Concha de Náutilo": "Nautilus Shell",
"Concha Arco-Íris": "Rainbow Shell",
"Café": "Coffee",
"Ardísia": "Spice Berry",
"Ouriço-do-mar": "Sea Urchin",
"Uva": "Grape",
"Cebolinha": "Spring Onion",
"Morango": "Strawberry",
"Ervilha-de-cheiro": "Sweet Pea",
"Cogumelo Comum": "Common Mushroom",
"Ameixa Silvestre": "Wild Plum",
"Avelã": "Hazelnut",
"Amora": "Blackberry",
"Raiz Seca": "Winter Root",
"Ovo de Slime Azul": "Blue Slime Egg",
"Fruta de Cristal": "Crystal Fruit",
"Inhame de Inverno": "Snow Yam",
"Fruto Precioso": "Sweet Gem Berry",
"Vinagre": "Vinegar",
"Cogumelo Vermelho": "Red Mushroom",
"Girassol": "Sunflower",
"Cogumelo Roxo": "Purple Mushroom",
"Arroz": "Rice",
"Queijo": "Cheese",
"Sementes de Fada": "Fairy Seeds",
"Queijo de Cabra": "Goat Cheese",
"Sementes de Tulipa": "Tulip Bulb",
"Tecido": "Cloth",
"Sementes de Jazz": "Jazz Seeds",
"Trufa": "Truffle",
"Sementes de Girassol": "Sunflower Seeds",
"Óleo de Trufa": "Truffle Oil",
"Lágrima Estelar": "Stardrop",
"Leite de Cabra": "Goat Milk",
"Ovo de Slime Vermelha": "Red Slime Egg",
"Leite de Cabra G.": "L. Goat Milk",
"Ovo de Slime Roxa": "Purple Slime Egg",
"Lã": "Wool",
"Ovo de Pato": "Duck Egg",
"Penas de Pato": "Duck Feather",
"Pé de Coelho": "Rabbit's Foot",
"Base de Pedra": "Stone Base",
"Sementes de Papoula": "Poppy Seeds",
"Fruta Antiga": "Ancient Fruit",
"Sementes de Lantejoula": "Spangle Seeds",
"Buquê": "Bouquet",
"Pingente da Sereia": "Mermaid's Pendant",
"Vaso Decorativo": "Decorative Pot",
"Sementes de Chirívia": "Parsnip Seeds",
"Semente de Vagem": "Bean Starter",
"Sementes de Couve-flor": "Cauliflower Seeds",
"Sementes de Batata": "Potato Seeds",
"Sementes de Alho": "Garlic Seeds",
"Sementes de Couve": "Kale Seeds",
"Sementes de Ruibarbo": "Rhubarb Seeds",
"Sementes de Melão": "Melon Seeds",
"Sementes de Tomate": "Tomato Seeds",
"Sementes de Mirtilo": "Blueberry Seeds",
"Sementes de Pimenta": "Pepper Seeds",
"Sementes de Trigo": "Wheat Seeds",
"Sementes de Rabanete": "Radish Seeds",
"Sementes de Couve Roxa": "Red Cabbage Seeds",
"Sementes de Carambola": "Starfruit Seeds",
"Sementes de Milho": "Corn Seeds",
"Sementes de Berinjela": "Eggplant Seeds",
"Sementes de Alcachofra": "Artichoke Seeds",
"Sementes de Abóbora": "Pumpkin Seeds",
"Sementes de Repolho Chinês": "Bok Choy Seeds",
"Sementes de Inhame": "Yam Seeds",
"Sementes de Oxicoco": "Cranberry Seeds",
"Sementes de Beterraba": "Beet Seeds",
"Sementes de Primavera": "Spring Seeds",
"Sementes de Verão": "Summer Seeds",
"Sementes de Outono": "Fall Seeds",
"Sementes de Inverno": "Winter Seeds",
"Anel Brilhante Pequeno": "Small Glow Ring",
"Anel Brilhante": "Glow Ring",
"Anel Magnético Pequeno": "Small Magnet Ring",
"Anel Magnético": "Magnet Ring",
"Anel do Encantador de Slimes": "Slime Charmer Ring",
"Anel do Vampiro": "Vampire Ring",
"Anel Bestial": "Savage Ring",
"Anel do Ladrão": "Burglar's Ring",
"Anel Jukebox": "Jukebox Ring",
"Anel de Ametista": "Amethyst Ring",
"Anel de Topázio": "Topaz Ring",
"Anel de Água-marinha": "Aquamarine Ring",
"Anel de Jade": "Jade Ring",
"Anel de Esmeralda": "Emerald Ring",
"Anel de Rubi": "Ruby Ring",
"Geodo": "Geode",
"Geodo Congelado": "Frozen Geode",
"Geodo de Magma": "Magma Geode",
"Alamita": "Alamite",
"Barita": "Baryte",
"Calcita": "Calcite",
"Dolomita": "Dolomite",
"Fluorapatita": "Fluorapatite",
"Malachita": "Malachite",
"Pedra Limão": "Lemon Stone",
"Auripigmento": "Orpiment",
"Slime Petrificado": "Petrified Slime",
"Ovo do Trovão": "Thunder Egg",
"Pirita": "Pyrite",
"Pedra Oceânica": "Ocean Stone",
"Cristal Fantasma": "Ghost Crystal",
"Olho-de-tigre": "Tigerseye",
"Jaspe": "Jasper",
"Opala": "Opal",
"Opala de Fogo": "Fire Opal",
"Celestina": "Celestine",
"Mármore": "Marble",
"Arenito": "Sandstone",
"Granito": "Granite",
"Basalto": "Basalt",
"Calcário": "Limestone",
"Pedra-sabão": "Soapstone",
"Hematita": "Hematite",
"Argilito": "Mudstone",
"Obsidiana": "Obsidian",
"Ardósia": "Slate",
"Pedra de Fada": "Fairy Stone",
"Fragmentos de Estrela": "Star Shards",
"Escápula Pré-histórica": "Prehistoric Scapula",
"Tibia Pré-histórica": "Prehistoric Tibia",
"Crânio Pré-histórico": "Prehistoric Skull",
"Mão Esquelética": "Skeletal Hand",
"Costela Pré-histórica": "Prehistoric Rib",
"Vértebra Pré-histórica": "Prehistoric Vertebra",
"Cauda Esquelética": "Skeletal Tail",
"Fóssil de Náutilo": "Nautilus Fossil",
"Fóssil de Anfíbio": "Amphibian Fossil",
"Fóssil de Palma": "Palm Fossil",
"Trilobita": "Trilobite",
"Local de Artefato": "Artifact Spot",
"Tulipa": "Tulip",
"Lantejoula do Verão": "Summer Spangle",
"Rosa das Fadas": "Fairy Rose",
"Jazz Azul": "Blue Jazz",
"Maçã": "Apple",
"Broto de Cereja": "Cherry Sapling",
"Broto de Damasco": "Apricot Sapling",
"Broto de Laranja": "Orange Sapling",
"Broto de Pêssego": "Peach Sapling",
"Broto de Romã": "Pomegranate Sapling",
"Broto de Maçã": "Apple Sapling",
"Damasco": "Apricot",
"Laranja": "Orange",
"Pêssego": "Peach",
"Romã": "Pomegranate",
"Cereja": "Cherry",
"Ovo de Slime Verde": "Green Slime Egg",
"Carne de Inseto": "Bug Meat",
"Bóia de Chumbo": "Lead Bobber",
"Madeira de Lei": "Hardwood",
"Xarope de Bordo": "Maple Syrup",
"Xarope de Plátano": "Oak Resin",
"Alcatrão de Pinheiro": "Pine Tar",
"Sementes de Morango": "Strawberry Seeds",
"Planta Apodrecida": "Rotten Plant",
"Geodo Omni": "Omni Geode",
"Asa de Morcego": "Bat Wing",
"Essência Solar": "Solar Essence",
"Essência do Vazio": "Void Essence",
"Sementes Misturadas": "Mixed Seeds",
"Fibra": "Fiber",
"Óleo de Alho": "Oil of Garlic",
"Pacote de Baterias": "Battery Pack",
"Machado Perdido": "Lost Axe",
"Calção Roxo da Sorte": "Lucky Purple Shorts",
"Cesto de Mirtilo": "Berry Basket",
"Encontre-se com o Mago": "Meet The Wizard",
"O Misterioso Qi": "The Mysterious Qi",
"Começando": "Getting Started",
"Criando Animais": "Raising Animals",
"Avanços": "Advancement",
"Apresentações": "Introductions",
"Forja a Frente": "Forging Ahead",
"Fundindo": "Smelting",
"Rumo à Praia": "To The Beach",
"Explore a Mina": "Explore The Mine",
"Iniciação": "Initiation",
"Mais Profundo na Mina": "Deeper In The Mine",
"Para o Fundo?": "To The Bottom?",
"A Chave Caveira": "The Skull Key",
"Desafio de Qi": "Qi's Challenge",
"Pedido de Marnie": "Marnie's Request",
"Caçarola de Peixe": "Fish Casserole",
"Arqueologia": "Archaeology",
"Fazendo Novas Amizades": "How To Win Friends",
"\"Problemas com Ratos\"": "\"Rat Problem\"",
"O Machado Perdido da Robin": "Robin's Lost Axe",
"Pedido de Jodi": "Jodi's Request",
"O \"Calção\" do Prefeito": "Mayor's \"Shorts\"",
"Pam com sede": "Pam Is Thirsty",
"Pesquisa de Planta": "Crop Research",
"Terapia para o Joelho": "Knee Therapy",
"A Alegria das Vacas": "Cow's Delight",
"O Cesto de Amora": "Blackberry Basket",
"Esculpir abóboras": "Carving Pumpkins",
"Pegue a Lula": "Catch A Squid",
"Tentativa de Clint": "Clint's Attempt",
"O Reagente Sombrio": "A Dark Reagent",
"Um Favor para Clint": "A Favor For Clint",
"Pedido de Robin": "Robin's Request",
"Fruta Fresca": "Fresh Fruit",
"Presente da Vovó": "Granny's Gift",
"Notícia do Pierre": "Pierre's Notice",
"Pesquisa aquática": "Aquatic Research",
"Uma Estrela de Soldado": "A Soldier's Star",
"Necessidade do Prefeito": "Mayor's Need",
"Procura-se: Lagosta": "Wanted: Lobster",
"Pam precisa de bateria": "Pam Needs Juice",
"Cajado do Poder": "Staff Of Power",
"Pegue um Lingcod": "Catch a Lingcod",
"Espíritos Exóticos": "Exotic Spirits",
"Espada Enferrujada": "Rusty Sword",
"Sabre Prateado": "Silver Saber",
"Espada Sombria": "Dark Sword",
"Lâmina Sagrada": "Holy Blade",
"Espada Galáctica": "Galaxy Sword",
"Espada Óssea": "Bone Sword",
"Espada de Ferro": "Iron Edge",
"Lâmina templária": "Templar's Blade",
"Espada de Obsidiana": "Obsidian Edge",
"Katana de Lava": "Lava Katana",
"Espada de Aço": "Steel Smallsword",
"Espada de Madeira": "Wooden Blade",
"Cabeça de Inseto": "Insect Head",
"Glaive de Netuno": "Neptune's Glaive",
"Espada da Floresta": "Forest Sword",
"Faca de talhar": "Carving Knife",
"Punhal de Ferro": "Iron Dirk",
"Faca do Ladrão": "Burglar's Shank",
"Adaga das Sombras": "Shadow Dagger",
"Lâmina Élfica": "Elf Blade",
"Adaga de Cristal": "Crystal Dagger",
"Espiral de Vento": "Wind Spire",
"Adaga Galáctica": "Galaxy Dagger",
"Clava de Madeira": "Wood Club",
"Taco do Alex": "Alex's Bat",
"Bastão de Chumbo": "Lead Rod",
"Marreta de Madeira": "Wood Mallet",
"O Esmagador": "The Slammer",
"Martelo Galáctico": "Galaxy Hammer",
"Velha Guitarra do Sam": "Sam's Old Guitar",
"Fêmur": "Femur",
"Estilingue": "Slingshot",
"Estilingue Mestre": "Master Slingshot",
"Estilingue Galáctico": "Galaxy Slingshot",
"Lápis do Elliot": "Elliott's Pencil",
"Chave Inglesa da Maru": "Maru's Wrench",
"Maleta do Harvey": "Harvey's Mallet",
"Frigideira da Penny": "Penny's Fryer",
"Cinzel da Leah": "Leah's Whittler",
"Tabuleiro da Abby": "Abby's Planchette",
"Maça Perdida do Seb": "Seb's Lost Mace",
"Chapa da Haley": "Haley's Iron",
"Espada de Pirata": "Pirate's Sword",
"Alfange": "Cutlass",
"Kris Perversa": "Wicked Kris",
"Clava": "Kudgel",
"Foice": "Scythe",
"Dente de Yeti": "Yeti Tooth",
"Rapieira": "Rapier",
"Cimitarra de Aço": "Steel Falchion",
"Tridente Quebrado": "Broken Trident",
"Espada Pesada Temperada": "Tempered Broadsword",
"Espada": "Sword",
"Nível": "Level",
"Picareta": "Pickaxe",
"Picare": "Pick",
"Regador": "Watering Can",
"Machado": "Axe",
"Machad": "Ax",
"Enxada": "Hoe",
"Tesoura": "Shears",
"Balde de Ordenha": "Milk Pail",
"Bote": "Raft",
"Vara de Bambu": "Bamboo Pole",
"Vara de Madeira": "Yew Rod",
"Vara de Fibra de Vidro": "Fiberglass Rod",
"Vara de Irídio": "Iridium Rod",
"Daninha": "Weed",
"Broto": "Sapling",
"Coquetel de Camarão": "Shrimp Cocktail",
"Modo Janela": "Windowed",
"Tela Cheia": "Fullscreen",
"Janela sem Bordas": "Windowed Borderless",
"Baixo": "Low",
"Médio": "Med.",
"Alto": "High",
"Vaca Leiteira": "Dairy Cow",
"Marrom": "Brown",
"Branca": "White",
"Chave Enferrujada": "Rusty Key",
"Cartão do Clube": "Club Card",
"Amuleto Especial": "Special Charm",
"Chave de Caveira": "Skull Key",
"Luxo": "Deluxe",
"Grande": "Big",
"Minérios": "Minerals",
"Receitas": "Cooking",
"Peixes": "Fish",
"Irídio": "Iridium",
"Ouro": "Gold",
"Ferro": "Iron",
"Cobre": "Copper",
"pantalho": "arecrow",
"Cadeira": "Chair",
"Funil": "Hopper",
"Piso": "Flooring",
"Papel de Parede": "Wallpaper",
"Inventário Cheio": "Inventory Full",
"Inventário Cheio.": "Inventory Full.",
"Não Permitido": "Can't Build There",
"Gil_Anel do Encantador de Slimes": "Gil_Slime Charmer Ring",
"Gil_Anel Bestial": "Gil_Savage Ring",
"Gil_Máscara de Esqueleto": "Gil_Skeleton Mask",
"Gil_Cabeça de Inseto": "Gil_Insect Head",
"Gil_Anel do Vampiro": "Gil_Vampire Ring",
"Gil_Capacete de Segurança": "Gil_Hard Hat",
"Gil_Anel do Ladrão": "Gil_Burglar's Ring",
"Festival do Ovo": "Egg Festival",
"Dança da Flor": "Flower Dance",
"Dança das Águas-vivas Lunares": "Dance of the Moonlight Jellies",
"Feira Stardew Valley": "Stardew Valley Fair",
"Véspera do Espírito": "Spirit's Eve",
"Festival do Gelo": "Festival of Ice",
"Banquete da Estrela Invernal": "Feast of the Winter Star",
"à":"a",
"á":"a",
"ã":"a",
"â":"a",
"é":"e",
"ê":"e",
"í":"i",
"ó":"o",
"ô":"o",
"õ":"o",
"ú":"u",
"ç":"c"
}